OCC_TITLE	H_MEAN
Management Occupations	68.15
Top Executives	67.24
Chief Executives	126.41
Chief Executives	126.41
General and Operations Managers	64.00
General and Operations Managers	64.00
Legislators	*
Legislators	*
Advertising, Marketing, Promotions, Public Relations, and Sales Managers	78.72
Advertising and Promotions Managers	71.76
Advertising and Promotions Managers	71.76
Marketing and Sales Managers	79.35
Marketing Managers	82.46
Sales Managers	77.37
Public Relations and Fundraising Managers	74.49
Public Relations Managers	78.61
Fundraising Managers	66.01
Operations Specialties Managers	77.21
Administrative Services and Facilities Managers	58.62
Administrative Services Managers	60.59
Facilities Managers	55.06
Computer and Information Systems Managers	90.38
Computer and Information Systems Managers	90.38
Financial Managers	86.76
Financial Managers	86.76
Industrial Production Managers	62.11
Industrial Production Managers	62.11
Purchasing Managers	72.42
Purchasing Managers	72.42
Transportation, Storage, and Distribution Managers	55.77
Transportation, Storage, and Distribution Managers	55.77
Compensation and Benefits Managers	75.11
Compensation and Benefits Managers	75.11
Human Resources Managers	77.15
Human Resources Managers	77.15
Training and Development Managers	67.59
Training and Development Managers	67.59
Other Management Occupations	58.44
Farmers, Ranchers, and Other Agricultural Managers	46.75
Farmers, Ranchers, and Other Agricultural Managers	46.75
Construction Managers	57.53
Construction Managers	57.53
Education and Childcare Administrators	52.63
Education and Childcare Administrators, Preschool and Daycare	30.12
Education Administrators, Kindergarten through Secondary	*
Education Administrators, Postsecondary	59.83
Education Administrators, All Other	47.82
Architectural and Engineering Managers	84.48
Architectural and Engineering Managers	84.48
Food Service Managers	34.79
Food Service Managers	34.79
Entertainment and Recreation Managers	42.68
Gambling Managers	49.27
Entertainment and Recreation Managers, Except Gambling	41.86
Lodging Managers	37.24
Lodging Managers	37.24
Medical and Health Services Managers	66.22
Medical and Health Services Managers	66.22
Natural Sciences Managers	83.41
Natural Sciences Managers	83.41
Postmasters and Mail Superintendents	45.08
Postmasters and Mail Superintendents	45.08
Property, Real Estate, and Community Association Managers	39.77
Property, Real Estate, and Community Association Managers	39.77
Social and Community Service Managers	41.39
Social and Community Service Managers	41.39
Emergency Management Directors	46.97
Emergency Management Directors	46.97
Personal Service Managers	37.97
Funeral Home Managers	41.18
Personal Service Managers, All Other	33.95
Miscellaneous Managers	72.06
Managers, All Other	72.06
Business and Financial Operations Occupations	45.04
Business Operations Specialists	43.76
Agents and Business Managers of Artists, Performers, and Athletes	79.62
Agents and Business Managers of Artists, Performers, and Athletes	79.62
Buyers and Purchasing Agents	39.29
Buyers and Purchasing Agents	39.29
Claims Adjusters, Appraisers, Examiners, and Investigators	37.85
Claims Adjusters, Examiners, and Investigators	37.87
Insurance Appraisers, Auto Damage	37.04
Compliance Officers	40.86
Compliance Officers	40.86
Cost Estimators	39.98
Cost Estimators	39.98
Human Resources Workers	38.88
Human Resources Specialists	38.33
Farm Labor Contractors	24.96
Labor Relations Specialists	46.70
Logisticians and Project Management Specialists	50.10
Logisticians	42.12
Project Management Specialists	51.97
Management Analysts	55.15
Management Analysts	55.15
Meeting, Convention, and Event Planners	31.29
Meeting, Convention, and Event Planners	31.29
Fundraisers	35.16
Fundraisers	35.16
Compensation, Benefits, and Job Analysis Specialists	39.86
Compensation, Benefits, and Job Analysis Specialists	39.86
Training and Development Specialists	35.46
Training and Development Specialists	35.46
Market Research Analysts and Marketing Specialists	41.58
Market Research Analysts and Marketing Specialists	41.58
Miscellaneous Business Operations Specialists	44.41
Business Operations Specialists, All Other	44.41
Financial Specialists	48.12
Accountants and Auditors	44.96
Accountants and Auditors	44.96
Property Appraisers and Assessors	37.10
Property Appraisers and Assessors	37.10
Budget Analysts	45.15
Budget Analysts	45.15
Credit Analysts	47.14
Credit Analysts	47.14
Financial Analysts and Advisors	61.74
Financial and Investment Analysts	56.01
Personal Financial Advisors	77.02
Insurance Underwriters	43.67
Financial Risk Specialists	57.66
Financial Examiners	49.83
Financial Examiners	49.83
Credit Counselors and Loan Officers	40.08
Credit Counselors	26.87
Loan Officers	41.35
Tax Examiners, Collectors and Preparers, and Revenue Agents	30.06
Tax Examiners and Collectors, and Revenue Agents	32.49
Tax Preparers	28.30
Miscellaneous Financial Specialists	45.14
Financial Specialists, All Other	45.14
Computer and Mathematical Occupations	56.16
Computer Occupations	56.14
Computer and Information Analysts	55.83
Computer Systems Analysts	53.83
Information Security Analysts	61.41
Computer and Information Research Scientists	73.23
Computer and Information Research Scientists	73.23
Computer Support Specialists	32.47
Computer Network Support Specialists	38.27
Computer User Support Specialists	31.25
Database and Network Administrators and Architects	55.69
Computer Network Architects	65.33
Database Administrators	51.65
Database Architects	68.57
Network and Computer Systems Administrators	48.65
Software and Web Developers, Programmers, and Testers	65.34
Computer Programmers	49.83
Software Developers	69.50
Software Quality Assurance Analysts and Testers	53.01
Web Developers	47.50
Web and Digital Interface Designers	53.58
Miscellaneous Computer Occupations	56.11
Computer Occupations, All Other	56.11
Mathematical Science Occupations	56.34
Actuaries	64.90
Actuaries	64.90
Mathematicians	58.91
Mathematicians	58.91
Operations Research Analysts	47.66
Operations Research Analysts	47.66
Statisticians	54.01
Statisticians	54.01
Data Scientists	59.90
Data Scientists	59.90
Miscellaneous Mathematical Science Occupations	40.72
Mathematical Science Occupations, All Other	40.72
Architecture and Engineering Occupations	49.99
Architects, Surveyors, and Cartographers	44.87
Architects, Except Naval	48.60
Architects, Except Landscape and Naval	49.71
Landscape Architects	42.31
Surveyors, Cartographers, and Photogrammetrists	37.46
Cartographers and Photogrammetrists	39.84
Surveyors	36.89
Engineers	56.13
Aerospace Engineers	67.88
Aerospace Engineers	67.88
Agricultural Engineers	40.50
Agricultural Engineers	40.50
Bioengineers and Biomedical Engineers	55.30
Bioengineers and Biomedical Engineers	55.30
Chemical Engineers	61.75
Chemical Engineers	61.75
Civil Engineers	51.47
Civil Engineers	51.47
Computer Hardware Engineers	75.37
Computer Hardware Engineers	75.37
Electrical and Electronics Engineers	60.00
Electrical Engineers	58.16
Electronics Engineers, Except Computer	63.70
Environmental Engineers	53.16
Environmental Engineers	53.16
Industrial Engineers, Including Health and Safety	52.05
Health and Safety Engineers, Except Mining Safety Engineers and Inspectors	54.70
Industrial Engineers	51.87
Marine Engineers and Naval Architects	56.10
Marine Engineers and Naval Architects	56.10
Materials Engineers	55.95
Materials Engineers	55.95
Mechanical Engineers	52.92
Mechanical Engineers	52.92
Mining and Geological Engineers, Including Mining Safety Engineers	52.37
Mining and Geological Engineers, Including Mining Safety Engineers	52.37
Nuclear Engineers	64.89
Nuclear Engineers	64.89
Petroleum Engineers	73.83
Petroleum Engineers	73.83
Miscellaneous Engineers	58.52
Engineers, All Other	58.52
Drafters, Engineering Technicians, and Mapping Technicians	34.39
Drafters	34.02
Architectural and Civil Drafters	33.11
Electrical and Electronics Drafters	37.48
Mechanical Drafters	35.59
Drafters, All Other	31.99
Engineering Technologists and Technicians, Except Drafters	35.63
Aerospace Engineering and Operations Technologists and Technicians	41.50
Civil Engineering Technologists and Technicians	32.91
Electrical and Electronic Engineering Technologists and Technicians	37.78
Electro-Mechanical and Mechatronics Technologists and Technicians	36.40
Environmental Engineering Technologists and Technicians	30.32
Industrial Engineering Technologists and Technicians	33.55
Mechanical Engineering Technologists and Technicians	34.83
Calibration Technologists and Technicians	34.18
Engineering Technologists and Technicians, Except Drafters, All Other	38.34
Surveying and Mapping Technicians	27.35
Surveying and Mapping Technicians	27.35
Life, Physical, and Social Science Occupations	43.12
Life Scientists	49.03
Agricultural and Food Scientists	42.59
Animal Scientists	50.47
Food Scientists and Technologists	44.32
Soil and Plant Scientists	39.92
Biological Scientists	48.43
Biochemists and Biophysicists	55.56
Microbiologists	45.77
Zoologists and Wildlife Biologists	37.46
Biological Scientists, All Other	48.29
Conservation Scientists and Foresters	35.77
Conservation Scientists	35.73
Foresters	35.90
Medical Scientists	53.57
Epidemiologists	45.27
Medical Scientists, Except Epidemiologists	54.18
Miscellaneous Life Scientists	49.01
Life Scientists, All Other	49.01
Physical Scientists	50.03
Astronomers and Physicists	78.77
Astronomers	64.63
Physicists	79.81
Atmospheric and Space Scientists	49.99
Atmospheric and Space Scientists	49.99
Chemists and Materials Scientists	46.80
Chemists	46.13
Materials Scientists	53.56
Environmental Scientists and Geoscientists	45.02
Environmental Scientists and Specialists, Including Health	42.62
Geoscientists, Except Hydrologists and Geographers	53.52
Hydrologists	47.18
Miscellaneous Physical Scientists	59.17
Physical Scientists, All Other	59.17
Social Scientists and Related Workers	48.70
Economists	62.94
Economists	62.94
Survey Researchers	35.32
Survey Researchers	35.32
Psychologists	49.09
Industrial-Organizational Psychologists	64.62
Clinical and Counseling Psychologists	51.37
School Psychologists	45.01
Psychologists, All Other	53.53
Sociologists	53.69
Sociologists	53.69
Urban and Regional Planners	43.14
Urban and Regional Planners	43.14
Miscellaneous Social Scientists and Related Workers	49.44
Anthropologists and Archeologists	34.17
Geographers	47.19
Historians	37.73
Political Scientists	66.15
Social Scientists and Related Workers, All Other	51.17
Life, Physical, and Social Science Technicians	29.42
Agricultural and Food Science Technicians	25.01
Agricultural Technicians	23.88
Food Science Technicians	26.15
Biological Technicians	27.89
Biological Technicians	27.89
Chemical Technicians	29.47
Chemical Technicians	29.47
Environmental Science and Geoscience Technicians	27.63
Environmental Science and Protection Technicians, Including Health	27.29
Geological Technicians, Except Hydrologic Technicians	27.99
Hydrologic Technicians	30.97
Nuclear Technicians	48.43
Nuclear Technicians	48.43
Social Science Research Assistants	30.56
Social Science Research Assistants	30.56
Forest and Conservation Technicians	27.24
Forest and Conservation Technicians	27.24
Miscellaneous Life, Physical, and Social Science Technicians	32.17
Forensic Science Technicians	36.18
Life, Physical, and Social Science Technicians, All Other	31.08
Occupational Health and Safety Specialists and Technicians	40.27
Occupational Health and Safety Specialists and Technicians	40.27
Occupational Health and Safety Specialists	42.63
Occupational Health and Safety Technicians	30.67
Community and Social Service Occupations	30.31
Counselors, Social Workers, and Other Community and Social Service Specialists	30.28
Counselors	31.91
Educational, Guidance, and Career Counselors and Advisors	34.38
Marriage and Family Therapists	34.96
Rehabilitation Counselors	24.64
Substance Abuse, Behavioral Disorder, and Mental Health Counselors	31.30
Counselors, All Other	27.92
Social Workers	32.23
Child, Family, and School Social Workers	30.25
Healthcare Social Workers	34.63
Mental Health and Substance Abuse Social Workers	32.83
Social Workers, All Other	35.91
Miscellaneous Community and Social Service Specialists	26.18
Health Education Specialists	34.47
Probation Officers and Correctional Treatment Specialists	34.39
Social and Human Service Assistants	22.64
Community Health Workers	26.91
Community and Social Service Specialists, All Other	28.06
Religious Workers	30.94
Clergy	32.29
Clergy	32.29
Directors, Religious Activities and Education	31.27
Directors, Religious Activities and Education	31.27
Miscellaneous Religious Workers	23.96
Religious Workers, All Other	23.96
Legal Occupations	66.19
Lawyers, Judges, and Related Workers	85.37
Lawyers and Judicial Law Clerks	86.92
Lawyers	87.86
Judicial Law Clerks	33.58
Judges, Magistrates, and Other Judicial Workers	61.63
Administrative Law Judges, Adjudicators, and Hearing Officers	58.95
Arbitrators, Mediators, and Conciliators	43.83
Judges, Magistrate Judges, and Magistrates	68.80
Legal Support Workers	32.60
Paralegals and Legal Assistants	31.98
Paralegals and Legal Assistants	31.98
Miscellaneous Legal Support Workers	35.00
Title Examiners, Abstractors, and Searchers	28.65
Legal Support Workers, All Other	41.45
Educational Instruction and Library Occupations	31.69
Postsecondary Teachers	*
Business Teachers, Postsecondary	*
Business Teachers, Postsecondary	*
Math and Computer Science Teachers, Postsecondary	*
Computer Science Teachers, Postsecondary	*
Mathematical Science Teachers, Postsecondary	*
Engineering and Architecture Teachers, Postsecondary	*
Architecture Teachers, Postsecondary	*
Engineering Teachers, Postsecondary	*
Life Sciences Teachers, Postsecondary	*
Agricultural Sciences Teachers, Postsecondary	*
Biological Science Teachers, Postsecondary	*
Forestry and Conservation Science Teachers, Postsecondary	*
Physical Sciences Teachers, Postsecondary	*
Atmospheric, Earth, Marine, and Space Sciences Teachers, Postsecondary	*
Chemistry Teachers, Postsecondary	*
Environmental Science Teachers, Postsecondary	*
Physics Teachers, Postsecondary	*
Social Sciences Teachers, Postsecondary	*
Anthropology and Archeology Teachers, Postsecondary	*
Area, Ethnic, and Cultural Studies Teachers, Postsecondary	*
Economics Teachers, Postsecondary	*
Geography Teachers, Postsecondary	*
Political Science Teachers, Postsecondary	*
Psychology Teachers, Postsecondary	*
Sociology Teachers, Postsecondary	*
Social Sciences Teachers, Postsecondary, All Other	*
Health Teachers, Postsecondary	*
Health Specialties Teachers, Postsecondary	*
Nursing Instructors and Teachers, Postsecondary	*
Education and Library Science Teachers, Postsecondary	*
Education Teachers, Postsecondary	*
Library Science Teachers, Postsecondary	*
Law, Criminal Justice, and Social Work Teachers, Postsecondary	*
Criminal Justice and Law Enforcement Teachers, Postsecondary	*
Law Teachers, Postsecondary	*
Social Work Teachers, Postsecondary	*
Arts, Communications, History, and Humanities Teachers, Postsecondary	*
Art, Drama, and Music Teachers, Postsecondary	*
Communications Teachers, Postsecondary	*
English Language and Literature Teachers, Postsecondary	*
Foreign Language and Literature Teachers, Postsecondary	*
History Teachers, Postsecondary	*
Philosophy and Religion Teachers, Postsecondary	*
Miscellaneous Postsecondary Teachers	*
Family and Consumer Sciences Teachers, Postsecondary	*
Recreation and Fitness Studies Teachers, Postsecondary	*
Career/Technical Education Teachers, Postsecondary	33.03
Postsecondary Teachers, All Other	*
Preschool, Elementary, Middle, Secondary, and Special Education Teachers	*
Preschool and Kindergarten Teachers	22.44
Preschool Teachers, Except Special Education	19.93
Kindergarten Teachers, Except Special Education	*
Elementary and Middle School Teachers	*
Elementary School Teachers, Except Special Education	*
Middle School Teachers, Except Special and Career/Technical Education	*
Career/Technical Education Teachers, Middle School	*
Secondary School Teachers	*
Secondary School Teachers, Except Special and Career/Technical Education	*
Career/Technical Education Teachers, Secondary School	*
Special Education Teachers	*
Special Education Teachers, Preschool	*
Special Education Teachers, Kindergarten and Elementary School	*
Special Education Teachers, Middle School	*
Special Education Teachers, Secondary School	*
Special Education Teachers, All Other	*
Other Teachers and Instructors	24.65
Adult Basic Education, Adult Secondary Education, and English as a Second Language Instructors	31.09
Adult Basic Education, Adult Secondary Education, and English as a Second Language Instructors	31.09
Self-Enrichment Teachers	25.64
Self-Enrichment Teachers	25.64
Substitute Teachers, Short-Term	21.60
Substitute Teachers, Short-Term	21.60
Tutors	22.97
Tutors	22.97
Miscellaneous Teachers and Instructors	*
Teachers and Instructors, All Other	*
Librarians, Curators, and Archivists	28.95
Archivists, Curators, and Museum Technicians	30.24
Archivists	32.51
Curators	33.68
Museum Technicians and Conservators	25.78
Librarians and Media Collections Specialists	33.26
Librarians and Media Collections Specialists	33.26
Library Technicians	20.70
Library Technicians	20.70
Other Educational Instruction and Library Occupations	*
Farm and Home Management Educators	29.07
Farm and Home Management Educators	29.07
Instructional Coordinators	37.31
Instructional Coordinators	37.31
Teaching Assistants	*
Teaching Assistants, Postsecondary	*
Teaching Assistants, Except Postsecondary	*
Miscellaneous Educational Instruction and Library Workers	26.78
Educational Instruction and Library Workers, All Other	26.78
Arts, Design, Entertainment, Sports, and Media Occupations	37.04
Art and Design Workers	32.56
Artists and Related Workers	53.25
Art Directors	61.59
Craft Artists	21.80
Fine Artists, Including Painters, Sculptors, and Illustrators	36.76
Special Effects Artists and Animators	52.94
Artists and Related Workers, All Other	38.22
Designers	29.28
Commercial and Industrial Designers	42.31
Fashion Designers	58.86
Floral Designers	18.13
Graphic Designers	32.98
Interior Designers	34.34
Merchandise Displayers and Window Trimmers	19.49
Set and Exhibit Designers	37.71
Designers, All Other	37.50
Entertainers and Performers, Sports and Related Workers	41.21
Actors, Producers, and Directors	52.72
Actors	44.40
Producers and Directors	54.94
Athletes, Coaches, Umpires, and Related Workers	*
Athletes and Sports Competitors	*
Coaches and Scouts	*
Umpires, Referees, and Other Sports Officials	*
Dancers and Choreographers	30.16
Dancers	30.30
Choreographers	29.82
Musicians, Singers, and Related Workers	51.57
Music Directors and Composers	40.50
Musicians and Singers	55.13
Miscellaneous Entertainers and Performers, Sports and Related Workers	30.98
Disc Jockeys, Except Radio	33.25
Entertainers and Performers, Sports and Related Workers, All Other	29.74
Media and Communication Workers	39.92
Broadcast Announcers and Radio Disc Jockeys	38.52
Broadcast Announcers and Radio Disc Jockeys	38.52
News Analysts, Reporters and Journalists	50.98
News Analysts, Reporters, and Journalists	50.98
Public Relations Specialists	38.61
Public Relations Specialists	38.61
Writers and Editors	42.10
Editors	41.20
Technical Writers	44.39
Writers and Authors	41.24
Miscellaneous Media and Communication Workers	34.40
Interpreters and Translators	31.22
Court Reporters and Simultaneous Captioners	35.88
Media and Communication Workers, All Other	40.81
Media and Communication Equipment Workers	32.41
Broadcast, Sound, and Lighting Technicians	31.11
Audio and Video Technicians	29.51
Broadcast Technicians	30.87
Sound Engineering Technicians	38.12
Lighting Technicians	33.65
Photographers	26.76
Photographers	26.76
Television, Video, and Film Camera Operators and Editors	39.35
Camera Operators, Television, Video, and Film	38.40
Film and Video Editors	40.16
Miscellaneous Media and Communication Equipment Workers	37.67
Media and Communication Equipment Workers, All Other	37.67
Healthcare Practitioners and Technical Occupations	50.59
Healthcare Diagnosing or Treating Practitioners	61.80
Chiropractors	44.15
Chiropractors	44.15
Dentists	99.88
Dentists, General	94.28
Oral and Maxillofacial Surgeons	173.19
Orthodontists	122.41
Prosthodontists	124.36
Dentists, All Other Specialists	118.52
Dietitians and Nutritionists	35.95
Dietitians and Nutritionists	35.95
Optometrists	67.76
Optometrists	67.76
Pharmacists	65.97
Pharmacists	65.97
Physician Assistants	65.82
Physician Assistants	65.82
Podiatrists	78.83
Podiatrists	78.83
Therapists	45.78
Occupational Therapists	47.23
Physical Therapists	49.23
Radiation Therapists	53.28
Recreational Therapists	31.42
Respiratory Therapists	40.51
Speech-Language Pathologists	46.08
Exercise Physiologists	28.66
Therapists, All Other	35.48
Veterinarians	67.44
Veterinarians	67.44
Registered Nurses	47.32
Registered Nurses	47.32
Nurse Anesthetists	111.39
Nurse Anesthetists	111.39
Nurse Midwives	61.59
Nurse Midwives	61.59
Nurse Practitioners	63.46
Nurse Practitioners	63.46
Audiologists	45.83
Audiologists	45.83
Physicians	130.92
Anesthesiologists	161.85
Cardiologists	207.93
Dermatologists	167.22
Emergency Medicine Physicians	154.19
Family Medicine Physicians	123.47
General Internal Medicine Physicians	126.31
Neurologists	137.65
Obstetricians and Gynecologists	135.16
Pediatricians, General	106.89
Physicians, Pathologists	127.89
Psychiatrists	129.39
Radiologists	172.99
Physicians, All Other	121.86
Surgeons	170.56
Ophthalmologists, Except Pediatric	144.95
Orthopedic Surgeons, Except Pediatric	175.51
Pediatric Surgeons	216.74
Surgeons, All Other	178.50
Miscellaneous Healthcare Diagnosing or Treating Practitioners	47.07
Acupuncturists	43.15
Dental Hygienists	45.14
Healthcare Diagnosing or Treating Practitioners, All Other	61.86
Health Technologists and Technicians	28.51
Clinical Laboratory Technologists and Technicians	31.41
Clinical Laboratory Technologists and Technicians	31.41
Diagnostic Related Technologists and Technicians	40.27
Cardiovascular Technologists and Technicians	35.04
Diagnostic Medical Sonographers	44.49
Nuclear Medicine Technologists	47.93
Radiologic Technologists and Technicians	38.35
Magnetic Resonance Imaging Technologists	43.76
Medical Dosimetrists	67.99
Emergency Medical Technicians and Paramedics	24.26
Emergency Medical Technicians	21.54
Paramedics	29.14
Health Practitioner Support Technologists and Technicians	22.77
Dietetic Technicians	19.02
Pharmacy Technicians	21.54
Psychiatric Technicians	21.64
Surgical Technologists	31.64
Veterinary Technologists and Technicians	22.25
Ophthalmic Medical Technicians	21.81
Licensed Practical and Licensed Vocational Nurses	30.84
Licensed Practical and Licensed Vocational Nurses	30.84
Medical Records Specialists	26.91
Medical Records Specialists	26.91
Opticians, Dispensing	24.02
Opticians, Dispensing	24.02
Miscellaneous Health Technologists and Technicians	27.91
Orthotists and Prosthetists	39.10
Hearing Aid Specialists	30.74
Health Technologists and Technicians, All Other	27.10
Other Healthcare Practitioners and Technical Occupations	34.11
Health Information Technologists and Medical Registrars	35.30
Health Information Technologists and Medical Registrars	35.30
Miscellaneous Health Practitioners and Technical Workers	33.63
Athletic Trainers	*
Genetic Counselors	49.47
Surgical Assistants	32.30
Healthcare Practitioners and Technical Workers, All Other	35.19
Healthcare Support Occupations	19.06
Home Health and Personal Care Aides; and Nursing Assistants, Orderlies, and Psychiatric Aides	17.64
Home Health and Personal Care Aides	16.82
Home Health and Personal Care Aides	16.82
Nursing Assistants, Orderlies, and Psychiatric Aides	19.85
Nursing Assistants	19.84
Orderlies	19.27
Psychiatric Aides	20.97
Occupational Therapy and Physical Therapist Assistants and Aides	28.88
Occupational Therapy Assistants and Aides	31.74
Occupational Therapy Assistants	32.95
Occupational Therapy Aides	20.12
Physical Therapist Assistants and Aides	27.88
Physical Therapist Assistants	32.29
Physical Therapist Aides	17.07
Other Healthcare Support Occupations	22.30
Massage Therapists	30.50
Massage Therapists	30.50
Miscellaneous Healthcare Support Occupations	21.83
Dental Assistants	23.49
Medical Assistants	21.50
Medical Equipment Preparers	23.56
Medical Transcriptionists	18.85
Pharmacy Aides	19.37
Veterinary Assistants and Laboratory Animal Caretakers	18.74
Phlebotomists	21.34
Healthcare Support Workers, All Other	23.44
Protective Service Occupations	29.33
Supervisors of Protective Service Workers	44.77
First-Line Supervisors of Law Enforcement Workers	49.79
First-Line Supervisors of Correctional Officers	39.55
First-Line Supervisors of Police and Detectives	53.36
First-Line Supervisors of Firefighting and Prevention Workers	46.65
First-Line Supervisors of Firefighting and Prevention Workers	46.65
Miscellaneous First-Line Supervisors, Protective Service Workers	31.40
First-Line Supervisors of Security Workers	30.28
First-Line Supervisors of Protective Service Workers, All Other	35.25
Firefighting and Prevention Workers	31.16
Firefighters	30.72
Firefighters	30.72
Fire Inspectors	40.01
Fire Inspectors and Investigators	42.04
Forest Fire Inspectors and Prevention Specialists	29.72
Law Enforcement Workers	36.32
Bailiffs, Correctional Officers, and Jailers	30.16
Bailiffs	29.89
Correctional Officers and Jailers	30.17
Detectives and Criminal Investigators	47.48
Detectives and Criminal Investigators	47.48
Fish and Game Wardens	32.69
Fish and Game Wardens	32.69
Parking Enforcement Workers	24.92
Parking Enforcement Workers	24.92
Police Officers	38.16
Police and Sheriff's Patrol Officers	38.14
Transit and Railroad Police	44.14
Other Protective Service Workers	20.74
Animal Control Workers	23.67
Animal Control Workers	23.67
Private Detectives and Investigators	29.65
Private Detectives and Investigators	29.65
Security Guards and Gambling Surveillance Officers	20.64
Gambling Surveillance Officers and Gambling Investigators	22.46
Security Guards	20.62
Miscellaneous Protective Service Workers	20.18
Crossing Guards and Flaggers	20.63
Lifeguards, Ski Patrol, and Other Recreational Protective Service Workers	16.68
Transportation Security Screeners	29.73
School Bus Monitors	16.96
Protective Service Workers, All Other	23.18
Food Preparation and Serving Related Occupations	17.32
Supervisors of Food Preparation and Serving Workers	22.85
Supervisors of Food Preparation and Serving Workers	22.85
Chefs and Head Cooks	31.11
First-Line Supervisors of Food Preparation and Serving Workers	21.59
Cooks and Food Preparation Workers	17.05
Cooks	17.28
Cooks, Fast Food	14.97
Cooks, Institution and Cafeteria	17.94
Cooks, Private Household	24.66
Cooks, Restaurant	18.14
Cooks, Short Order	17.14
Cooks, All Other	18.27
Food Preparation Workers	16.32
Food Preparation Workers	16.32
Food and Beverage Serving Workers	16.66
Bartenders	19.17
Bartenders	19.17
Fast Food and Counter Workers	15.07
Fast Food and Counter Workers	15.07
Waiters and Waitresses	18.44
Waiters and Waitresses	18.44
Food Servers, Nonrestaurant	16.84
Food Servers, Nonrestaurant	16.84
Other Food Preparation and Serving Related Workers	16.05
Dining Room and Cafeteria Attendants and Bartender Helpers	16.44
Dining Room and Cafeteria Attendants and Bartender Helpers	16.44
Dishwashers	15.97
Dishwashers	15.97
Hosts and Hostesses, Restaurant, Lounge, and Coffee Shop	15.40
Hosts and Hostesses, Restaurant, Lounge, and Coffee Shop	15.40
Miscellaneous Food Preparation and Serving Related Workers	17.30
Food Preparation and Serving Related Workers, All Other	17.30
Building and Grounds Cleaning and Maintenance Occupations	19.01
Supervisors of Building and Grounds Cleaning and Maintenance Workers	26.24
First-Line Supervisors of Building and Grounds Cleaning and Maintenance Workers	26.24
First-Line Supervisors of Housekeeping and Janitorial Workers	24.60
First-Line Supervisors of Landscaping, Lawn Service, and Groundskeeping Workers	28.55
Building Cleaning and Pest Control Workers	17.98
Building Cleaning Workers	17.86
Janitors and Cleaners, Except Maids and Housekeeping Cleaners	18.01
Maids and Housekeeping Cleaners	17.39
Building Cleaning Workers, All Other	21.23
Pest Control Workers	22.02
Pest Control Workers	22.02
Grounds Maintenance Workers	20.07
Grounds Maintenance Workers	20.07
Landscaping and Groundskeeping Workers	19.66
Pesticide Handlers, Sprayers, and Applicators, Vegetation	22.10
Tree Trimmers and Pruners	26.43
Grounds Maintenance Workers, All Other	22.68
Personal Care and Service Occupations	18.95
Supervisors of Personal Care and Service Workers	25.21
First-Line Supervisors of Entertainment and Recreation Workers	25.87
First-Line Supervisors of Gambling Services Workers	30.10
First-Line Supervisors of Entertainment and Recreation Workers, Except Gambling Services	24.71
First-Line Supervisors of Personal Service Workers	24.48
First-Line Supervisors of Personal Service Workers	24.48
Animal Care and Service Workers	17.06
Animal Trainers	22.01
Animal Trainers	22.01
Animal Caretakers	16.71
Animal Caretakers	16.71
Entertainment Attendants and Related Workers	16.05
Gambling Services Workers	18.97
Gambling Dealers	19.43
Gambling and Sports Book Writers and Runners	15.66
Gambling Service Workers, All Other	18.07
Motion Picture Projectionists	24.18
Motion Picture Projectionists	24.18
Ushers, Lobby Attendants, and Ticket Takers	15.27
Ushers, Lobby Attendants, and Ticket Takers	15.27
Miscellaneous Entertainment Attendants and Related Workers	15.47
Amusement and Recreation Attendants	15.07
Costume Attendants	31.68
Locker Room, Coatroom, and Dressing Room Attendants	17.54
Entertainment Attendants and Related Workers, All Other	17.40
Funeral Service Workers	22.06
Embalmers and Crematory Operators	24.82
Embalmers	27.65
Crematory Operators	21.53
Funeral Attendants	17.26
Funeral Attendants	17.26
Morticians, Undertakers, and Funeral Arrangers	27.09
Morticians, Undertakers, and Funeral Arrangers	27.09
Personal Appearance Workers	20.42
Barbers, Hairdressers, Hairstylists and Cosmetologists	21.01
Barbers	22.98
Hairdressers, Hairstylists, and Cosmetologists	20.89
Miscellaneous Personal Appearance Workers	19.62
Makeup Artists, Theatrical and Performance	36.25
Manicurists and Pedicurists	17.74
Shampooers	14.82
Skincare Specialists	23.40
Baggage Porters, Bellhops, and Concierges	18.84
Baggage Porters, Bellhops, and Concierges	18.84
Baggage Porters and Bellhops	17.77
Concierges	19.60
Tour and Travel Guides	20.72
Tour and Travel Guides	20.72
Tour and Travel Guides	20.72
Other Personal Care and Service Workers	18.86
Childcare Workers	15.93
Childcare Workers	15.93
Recreation and Fitness Workers	21.25
Exercise Trainers and Group Fitness Instructors	24.69
Recreation Workers	17.87
Residential Advisors	19.99
Residential Advisors	19.99
Miscellaneous Personal Care and Service Workers	18.27
Personal Care and Service Workers, All Other	18.27
Sales and Related Occupations	26.00
Supervisors of Sales Workers	28.77
First-Line Supervisors of Sales Workers	28.77
First-Line Supervisors of Retail Sales Workers	25.17
First-Line Supervisors of Non-Retail Sales Workers	47.06
Retail Sales Workers	17.05
Cashiers	15.31
Cashiers	15.29
Gambling Change Persons and Booth Cashiers	17.70
Counter and Rental Clerks and Parts Salespersons	20.76
Counter and Rental Clerks	21.01
Parts Salespersons	20.38
Retail Salespersons	17.86
Retail Salespersons	17.86
Sales Representatives, Services	41.53
Advertising Sales Agents	36.71
Advertising Sales Agents	36.71
Insurance Sales Agents	39.19
Insurance Sales Agents	39.19
Securities, Commodities, and Financial Services Sales Agents	53.08
Securities, Commodities, and Financial Services Sales Agents	53.08
Travel Agents	25.33
Travel Agents	25.33
Miscellaneous Sales Representatives, Services	39.07
Sales Representatives of Services, Except Advertising, Insurance, Financial Services, and Travel	39.07
Sales Representatives, Wholesale and Manufacturing	42.16
Sales Representatives, Wholesale and Manufacturing	42.16
Sales Representatives, Wholesale and Manufacturing, Technical and Scientific Products	55.06
Sales Representatives, Wholesale and Manufacturing, Except Technical and Scientific Products	39.17
Other Sales and Related Workers	33.10
Models, Demonstrators, and Product Promoters	22.41
Demonstrators and Product Promoters	21.03
Models	39.20
Real Estate Brokers and Sales Agents	36.17
Real Estate Brokers	44.07
Real Estate Sales Agents	34.12
Sales Engineers	62.70
Sales Engineers	62.70
Telemarketers	17.47
Telemarketers	17.47
Miscellaneous Sales and Related Workers	27.05
Door-to-Door Sales Workers, News and Street Vendors, and Related Workers	19.18
Sales and Related Workers, All Other	27.42
Office and Administrative Support Occupations	24.12
Supervisors of Office and Administrative Support Workers	34.40
First-Line Supervisors of Office and Administrative Support Workers	34.40
First-Line Supervisors of Office and Administrative Support Workers	34.40
Communications Equipment Operators	20.52
Switchboard Operators, Including Answering Service	20.26
Switchboard Operators, Including Answering Service	20.26
Telephone Operators	20.62
Telephone Operators	20.62
Miscellaneous Communications Equipment Operators	26.87
Communications Equipment Operators, All Other	26.87
Financial Clerks	24.14
Bill and Account Collectors	23.25
Bill and Account Collectors	23.25
Billing and Posting Clerks	23.80
Billing and Posting Clerks	23.80
Bookkeeping, Accounting, and Auditing Clerks	25.01
Bookkeeping, Accounting, and Auditing Clerks	25.01
Gambling Cage Workers	18.56
Gambling Cage Workers	18.56
Payroll and Timekeeping Clerks	27.34
Payroll and Timekeeping Clerks	27.34
Procurement Clerks	24.25
Procurement Clerks	24.25
Tellers	19.68
Tellers	19.68
Miscellaneous Financial Clerks	26.60
Financial Clerks, All Other	26.60
Information and Record Clerks	21.44
Brokerage Clerks	32.54
Brokerage Clerks	32.54
Correspondence Clerks	22.41
Correspondence Clerks	22.41
Court, Municipal, and License Clerks	24.61
Court, Municipal, and License Clerks	24.61
Credit Authorizers, Checkers, and Clerks	24.65
Credit Authorizers, Checkers, and Clerks	24.65
Customer Service Representatives	21.82
Customer Service Representatives	21.82
Eligibility Interviewers, Government Programs	25.95
Eligibility Interviewers, Government Programs	25.95
File Clerks	21.01
File Clerks	21.01
Hotel, Motel, and Resort Desk Clerks	16.70
Hotel, Motel, and Resort Desk Clerks	16.70
Interviewers, Except Eligibility and Loan	21.83
Interviewers, Except Eligibility and Loan	21.83
Library Assistants, Clerical	18.22
Library Assistants, Clerical	18.22
Loan Interviewers and Clerks	24.54
Loan Interviewers and Clerks	24.54
New Accounts Clerks	22.89
New Accounts Clerks	22.89
Order Clerks	22.24
Order Clerks	22.24
Human Resources Assistants, Except Payroll and Timekeeping	24.50
Human Resources Assistants, Except Payroll and Timekeeping	24.50
Receptionists and Information Clerks	18.50
Receptionists and Information Clerks	18.50
Reservation and Transportation Ticket Agents and Travel Clerks	22.94
Reservation and Transportation Ticket Agents and Travel Clerks	22.94
Miscellaneous Information and Record Clerks	24.14
Information and Record Clerks, All Other	24.14
Material Recording, Scheduling, Dispatching, and Distributing Workers	25.21
Cargo and Freight Agents	26.64
Cargo and Freight Agents	26.64
Couriers and Messengers	19.26
Couriers and Messengers	19.26
Dispatchers	25.81
Public Safety Telecommunicators	26.35
Dispatchers, Except Police, Fire, and Ambulance	25.55
Meter Readers, Utilities	26.83
Meter Readers, Utilities	26.83
Postal Service Workers	28.71
Postal Service Clerks	29.36
Postal Service Mail Carriers	28.79
Postal Service Mail Sorters, Processors, and Processing Machine Operators	28.04
Production, Planning, and Expediting Clerks	29.05
Production, Planning, and Expediting Clerks	29.05
Shipping, Receiving, and Inventory Clerks	21.58
Shipping, Receiving, and Inventory Clerks	21.58
Weighers, Measurers, Checkers, and Samplers, Recordkeeping	22.43
Weighers, Measurers, Checkers, and Samplers, Recordkeeping	22.43
Secretaries and Administrative Assistants	25.03
Secretaries and Administrative Assistants	25.03
Executive Secretaries and Executive Administrative Assistants	37.05
Legal Secretaries and Administrative Assistants	29.00
Medical Secretaries and Administrative Assistants	21.91
Secretaries and Administrative Assistants, Except Legal, Medical, and Executive	22.90
Other Office and Administrative Support Workers	22.09
Data Entry and Information Processing Workers	21.00
Data Entry Keyers	20.22
Word Processors and Typists	23.91
Desktop Publishers	28.97
Desktop Publishers	28.97
Insurance Claims and Policy Processing Clerks	24.99
Insurance Claims and Policy Processing Clerks	24.99
Mail Clerks and Mail Machine Operators, Except Postal Service	19.33
Mail Clerks and Mail Machine Operators, Except Postal Service	19.33
Office Clerks, General	21.86
Office Clerks, General	21.86
Office Machine Operators, Except Computer	20.01
Office Machine Operators, Except Computer	20.01
Proofreaders and Copy Markers	25.35
Proofreaders and Copy Markers	25.35
Statistical Assistants	26.67
Statistical Assistants	26.67
Miscellaneous Office and Administrative Support Workers	23.42
Office and Administrative Support Workers, All Other	23.42
Farming, Fishing, and Forestry Occupations	20.06
Supervisors of Farming, Fishing, and Forestry Workers	30.46
First-Line Supervisors of Farming, Fishing, and Forestry Workers	30.46
First-Line Supervisors of Farming, Fishing, and Forestry Workers	30.46
Agricultural Workers	18.78
Agricultural Inspectors	26.75
Agricultural Inspectors	26.75
Animal Breeders	27.00
Animal Breeders	27.00
Graders and Sorters, Agricultural Products	17.34
Graders and Sorters, Agricultural Products	17.34
Miscellaneous Agricultural Workers	18.56
Agricultural Equipment Operators	21.12
Farmworkers and Laborers, Crop, Nursery, and Greenhouse	18.20
Farmworkers, Farm, Ranch, and Aquacultural Animals	18.55
Agricultural Workers, All Other	22.01
Forest, Conservation, and Logging Workers	24.61
Forest and Conservation Workers	20.59
Forest and Conservation Workers	20.59
Logging Workers	25.31
Fallers	28.42
Logging Equipment Operators	25.01
Log Graders and Scalers	23.14
Logging Workers, All Other	25.88
Construction and Extraction Occupations	30.73
Supervisors of Construction and Extraction Workers	40.62
First-Line Supervisors of Construction Trades and Extraction Workers	40.62
First-Line Supervisors of Construction Trades and Extraction Workers	40.62
Construction Trades Workers	29.60
Boilermakers	36.97
Boilermakers	36.97
Brickmasons, Blockmasons, and Stonemasons	30.89
Brickmasons and Blockmasons	31.44
Stonemasons	27.51
Carpenters	30.79
Carpenters	30.79
Carpet, Floor, and Tile Installers and Finishers	27.80
Carpet Installers	26.85
Floor Layers, Except Carpet, Wood, and Hard Tiles	29.11
Floor Sanders and Finishers	24.46
Tile and Stone Setters	27.69
Cement Masons, Concrete Finishers, and Terrazzo Workers	28.55
Cement Masons and Concrete Finishers	28.54
Terrazzo Workers and Finishers	29.97
Construction Laborers	24.64
Construction Laborers	24.64
Construction Equipment Operators	31.10
Paving, Surfacing, and Tamping Equipment Operators	28.20
Pile Driver Operators	37.98
Operating Engineers and Other Construction Equipment Operators	31.34
Drywall Installers, Ceiling Tile Installers, and Tapers	30.68
Drywall and Ceiling Tile Installers	30.20
Tapers	33.84
Electricians	33.47
Electricians	33.47
Glaziers	28.97
Glaziers	28.97
Insulation Workers	27.63
Insulation Workers, Floor, Ceiling, and Wall	25.69
Insulation Workers, Mechanical	30.55
Painters and Paperhangers	25.82
Painters, Construction and Maintenance	25.82
Paperhangers	24.95
Pipelayers, Plumbers, Pipefitters, and Steamfitters	33.11
Pipelayers	26.09
Plumbers, Pipefitters, and Steamfitters	33.63
Plasterers and Stucco Masons	29.33
Plasterers and Stucco Masons	29.33
Reinforcing Iron and Rebar Workers	30.11
Reinforcing Iron and Rebar Workers	30.11
Roofers	27.45
Roofers	27.45
Sheet Metal Workers	31.78
Sheet Metal Workers	31.78
Structural Iron and Steel Workers	33.30
Structural Iron and Steel Workers	33.30
Solar Photovoltaic Installers	27.59
Solar Photovoltaic Installers	27.59
Helpers, Construction Trades	20.74
Helpers, Construction Trades	20.74
Helpers--Brickmasons, Blockmasons, Stonemasons, and Tile and Marble Setters	23.91
Helpers--Carpenters	20.23
Helpers--Electricians	20.62
Helpers--Painters, Paperhangers, Plasterers, and Stucco Masons	19.65
Helpers--Pipelayers, Plumbers, Pipefitters, and Steamfitters	20.06
Helpers--Roofers	20.23
Helpers, Construction Trades, All Other	21.17
Other Construction and Related Workers	30.15
Construction and Building Inspectors	36.75
Construction and Building Inspectors	36.75
Elevator and Escalator Installers and Repairers	50.42
Elevator and Escalator Installers and Repairers	50.42
Fence Erectors	24.31
Fence Erectors	24.31
Hazardous Materials Removal Workers	26.80
Hazardous Materials Removal Workers	26.80
Highway Maintenance Workers	24.72
Highway Maintenance Workers	24.72
Rail-Track Laying and Maintenance Equipment Operators	32.82
Rail-Track Laying and Maintenance Equipment Operators	32.82
Septic Tank Servicers and Sewer Pipe Cleaners	25.35
Septic Tank Servicers and Sewer Pipe Cleaners	25.35
Miscellaneous Construction and Related Workers	25.44
Miscellaneous Construction and Related Workers	25.44
Extraction Workers	28.39
Derrick, Rotary Drill, and Service Unit Operators, Oil and Gas	30.45
Derrick Operators, Oil and Gas	30.05
Rotary Drill Operators, Oil and Gas	33.69
Service Unit Operators, Oil and Gas	29.58
Surface Mining Machine Operators and Earth Drillers	28.69
Excavating and Loading Machine and Dragline Operators, Surface Mining	27.82
Earth Drillers, Except Oil and Gas	30.41
Explosives Workers, Ordnance Handling Experts, and Blasters	32.13
Explosives Workers, Ordnance Handling Experts, and Blasters	32.13
Underground Mining Machine Operators	31.94
Continuous Mining Machine Operators	30.73
Roof Bolters, Mining	35.94
Loading and Moving Machine Operators, Underground Mining	32.92
Underground Mining Machine Operators, All Other	32.61
Rock Splitters, Quarry	24.30
Rock Splitters, Quarry	24.30
Roustabouts, Oil and Gas	23.59
Roustabouts, Oil and Gas	23.59
Helpers--Extraction Workers	24.20
Helpers--Extraction Workers	24.20
Miscellaneous Extraction Workers	26.34
Extraction Workers, All Other	26.34
Installation, Maintenance, and Repair Occupations	29.63
Supervisors of Installation, Maintenance, and Repair Workers	39.87
First-Line Supervisors of Mechanics, Installers, and Repairers	39.87
First-Line Supervisors of Mechanics, Installers, and Repairers	39.87
Electrical and Electronic Equipment Mechanics, Installers, and Repairers	31.25
Computer, Automated Teller, and Office Machine Repairers	23.95
Computer, Automated Teller, and Office Machine Repairers	23.95
Radio and Telecommunications Equipment Installers and Repairers	32.13
Radio, Cellular, and Tower Equipment Installers and Repairers	33.26
Telecommunications Equipment Installers and Repairers, Except Line Installers	32.04
Miscellaneous Electrical and Electronic Equipment Mechanics, Installers, and Repairers	32.86
Avionics Technicians	39.59
Electric Motor, Power Tool, and Related Repairers	27.32
Electrical and Electronics Installers and Repairers, Transportation Equipment	38.93
Electrical and Electronics Repairers, Commercial and Industrial Equipment	35.07
Electrical and Electronics Repairers, Powerhouse, Substation, and Relay	46.86
Electronic Equipment Installers and Repairers, Motor Vehicles	24.16
Audiovisual Equipment Installers and Repairers	26.80
Security and Fire Alarm Systems Installers	28.87
Vehicle and Mobile Equipment Mechanics, Installers, and Repairers	28.31
Aircraft Mechanics and Service Technicians	38.84
Aircraft Mechanics and Service Technicians	38.84
Automotive Technicians and Repairers	26.82
Automotive Body and Related Repairers	28.28
Automotive Glass Installers and Repairers	23.84
Automotive Service Technicians and Mechanics	26.57
Bus and Truck Mechanics and Diesel Engine Specialists	30.04
Bus and Truck Mechanics and Diesel Engine Specialists	30.04
Heavy Vehicle and Mobile Equipment Service Technicians and Mechanics	31.57
Farm Equipment Mechanics and Service Technicians	26.58
Mobile Heavy Equipment Mechanics, Except Engines	32.49
Rail Car Repairers	32.50
Small Engine Mechanics	24.64
Motorboat Mechanics and Service Technicians	27.14
Motorcycle Mechanics	23.87
Outdoor Power Equipment and Other Small Engine Mechanics	23.18
Miscellaneous Vehicle and Mobile Equipment Mechanics, Installers, and Repairers	19.98
Bicycle Repairers	19.98
Recreational Vehicle Service Technicians	26.63
Tire Repairers and Changers	18.82
Other Installation, Maintenance, and Repair Occupations	28.20
Control and Valve Installers and Repairers	32.60
Mechanical Door Repairers	26.01
Control and Valve Installers and Repairers, Except Mechanical Door	36.52
Heating, Air Conditioning, and Refrigeration Mechanics and Installers	30.14
Heating, Air Conditioning, and Refrigeration Mechanics and Installers	30.14
Home Appliance Repairers	25.76
Home Appliance Repairers	25.76
Industrial Machinery Installation, Repair, and Maintenance Workers	32.06
Industrial Machinery Mechanics	32.29
Maintenance Workers, Machinery	29.72
Millwrights	33.00
Refractory Materials Repairers, Except Brickmasons	29.56
Line Installers and Repairers	39.56
Electrical Power-Line Installers and Repairers	43.32
Telecommunications Line Installers and Repairers	34.83
Precision Instrument and Equipment Repairers	31.52
Camera and Photographic Equipment Repairers	25.69
Medical Equipment Repairers	32.12
Musical Instrument Repairers and Tuners	23.57
Watch and Clock Repairers	30.03
Precision Instrument and Equipment Repairers, All Other	33.86
Maintenance and Repair Workers, General	25.21
Maintenance and Repair Workers, General	25.21
Wind Turbine Service Technicians	32.49
Wind Turbine Service Technicians	32.49
Miscellaneous Installation, Maintenance, and Repair Workers	24.70
Coin, Vending, and Amusement Machine Servicers and Repairers	23.33
Commercial Divers	37.55
Locksmiths and Safe Repairers	26.54
Manufactured Building and Mobile Home Installers	20.49
Riggers	32.02
Signal and Track Switch Repairers	40.84
Helpers--Installation, Maintenance, and Repair Workers	19.59
Installation, Maintenance, and Repair Workers, All Other	25.61
Production Occupations	24.08
Supervisors of Production Workers	35.84
First-Line Supervisors of Production and Operating Workers	35.84
First-Line Supervisors of Production and Operating Workers	35.84
Assemblers and Fabricators	22.06
Aircraft Structure, Surfaces, Rigging, and Systems Assemblers	31.98
Aircraft Structure, Surfaces, Rigging, and Systems Assemblers	31.98
Electrical, Electronics, and Electromechanical Assemblers	22.15
Coil Winders, Tapers, and Finishers	23.53
Electrical, Electronic, and Electromechanical Assemblers, Except Coil Winders, Tapers, and Finishers	22.08
Engine and Other Machine Assemblers	26.94
Engine and Other Machine Assemblers	26.94
Structural Metal Fabricators and Fitters	25.36
Structural Metal Fabricators and Fitters	25.36
Fiberglass Laminators and Fabricators	22.75
Fiberglass Laminators and Fabricators	22.75
Timing Device Assemblers and Adjusters	20.39
Timing Device Assemblers and Adjusters	20.39
Miscellaneous Assemblers and Fabricators	21.57
Miscellaneous Assemblers and Fabricators	21.57
Food Processing Workers	19.27
Bakers	18.11
Bakers	18.11
Butchers and Other Meat, Poultry, and Fish Processing Workers	19.28
Butchers and Meat Cutters	19.86
Meat, Poultry, and Fish Cutters and Trimmers	18.58
Slaughterers and Meat Packers	19.57
Miscellaneous Food Processing Workers	20.23
Food and Tobacco Roasting, Baking, and Drying Machine Operators and Tenders	21.22
Food Batchmakers	20.59
Food Cooking Machine Operators and Tenders	20.16
Food Processing Workers, All Other	18.88
Metal Workers and Plastic Workers	25.02
Forming Machine Setters, Operators, and Tenders, Metal and Plastic	23.59
Extruding and Drawing Machine Setters, Operators, and Tenders, Metal and Plastic	23.16
Forging Machine Setters, Operators, and Tenders, Metal and Plastic	24.47
Rolling Machine Setters, Operators, and Tenders, Metal and Plastic	24.49
Machine Tool Cutting Setters, Operators, and Tenders, Metal and Plastic	22.84
Cutting, Punching, and Press Machine Setters, Operators, and Tenders, Metal and Plastic	22.62
Drilling and Boring Machine Tool Setters, Operators, and Tenders, Metal and Plastic	24.20
Grinding, Lapping, Polishing, and Buffing Machine Tool Setters, Operators, and Tenders, Metal and Plastic	22.41
Lathe and Turning Machine Tool Setters, Operators, and Tenders, Metal and Plastic	24.13
Milling and Planing Machine Setters, Operators, and Tenders, Metal and Plastic	25.45
Machinists	27.59
Machinists	27.59
Metal Furnace Operators, Tenders, Pourers, and Casters	26.91
Metal-Refining Furnace Operators and Tenders	27.55
Pourers and Casters, Metal	24.68
Model Makers and Patternmakers, Metal and Plastic	30.41
Model Makers, Metal and Plastic	31.65
Patternmakers, Metal and Plastic	27.85
Molders and Molding Machine Setters, Operators, and Tenders, Metal and Plastic	21.32
Foundry Mold and Coremakers	22.55
Molding, Coremaking, and Casting Machine Setters, Operators, and Tenders, Metal and Plastic	21.22
Multiple Machine Tool Setters, Operators, and Tenders, Metal and Plastic	23.36
Multiple Machine Tool Setters, Operators, and Tenders, Metal and Plastic	23.36
Tool and Die Makers	31.30
Tool and Die Makers	31.30
Welding, Soldering, and Brazing Workers	26.27
Welders, Cutters, Solderers, and Brazers	26.49
Welding, Soldering, and Brazing Machine Setters, Operators, and Tenders	23.69
Miscellaneous Metal Workers and Plastic Workers	22.84
Heat Treating Equipment Setters, Operators, and Tenders, Metal and Plastic	23.57
Layout Workers, Metal and Plastic	31.62
Plating Machine Setters, Operators, and Tenders, Metal and Plastic	21.07
Tool Grinders, Filers, and Sharpeners	24.90
Metal Workers and Plastic Workers, All Other	22.05
Printing Workers	22.24
Printing Workers	22.24
Prepress Technicians and Workers	23.62
Printing Press Operators	22.41
Print Binding and Finishing Workers	20.69
Textile, Apparel, and Furnishings Workers	17.78
Laundry and Dry-Cleaning Workers	16.34
Laundry and Dry-Cleaning Workers	16.34
Pressers, Textile, Garment, and Related Materials	16.04
Pressers, Textile, Garment, and Related Materials	16.04
Sewing Machine Operators	17.64
Sewing Machine Operators	17.64
Shoe and Leather Workers	17.58
Shoe and Leather Workers and Repairers	17.44
Shoe Machine Operators and Tenders	17.90
Tailors, Dressmakers, and Sewers	20.64
Sewers, Hand	16.74
Tailors, Dressmakers, and Custom Sewers	21.18
Textile Machine Setters, Operators, and Tenders	18.66
Textile Bleaching and Dyeing Machine Operators and Tenders	18.75
Textile Cutting Machine Setters, Operators, and Tenders	18.51
Textile Knitting and Weaving Machine Setters, Operators, and Tenders	18.97
Textile Winding, Twisting, and Drawing Out Machine Setters, Operators, and Tenders	18.48
Miscellaneous Textile, Apparel, and Furnishings Workers	22.42
Extruding and Forming Machine Setters, Operators, and Tenders, Synthetic and Glass Fibers	22.80
Fabric and Apparel Patternmakers	34.44
Upholsterers	22.58
Textile, Apparel, and Furnishings Workers, All Other	19.43
Woodworkers	21.40
Cabinetmakers and Bench Carpenters	22.82
Cabinetmakers and Bench Carpenters	22.82
Furniture Finishers	21.31
Furniture Finishers	21.31
Model Makers and Patternmakers, Wood	28.44
Model Makers, Wood	28.74
Patternmakers, Wood	27.84
Woodworking Machine Setters, Operators, and Tenders	20.35
Sawing Machine Setters, Operators, and Tenders, Wood	20.38
Woodworking Machine Setters, Operators, and Tenders, Except Sawing	20.33
Miscellaneous Woodworkers	21.03
Woodworkers, All Other	21.03
Plant and System Operators	36.29
Power Plant Operators, Distributors, and Dispatchers	49.09
Nuclear Power Reactor Operators	59.05
Power Distributors and Dispatchers	52.70
Power Plant Operators	46.15
Stationary Engineers and Boiler Operators	38.32
Stationary Engineers and Boiler Operators	38.32
Water and Wastewater Treatment Plant and System Operators	29.15
Water and Wastewater Treatment Plant and System Operators	29.15
Miscellaneous Plant and System Operators	39.35
Chemical Plant and System Operators	36.68
Gas Plant Operators	41.09
Petroleum Pump System Operators, Refinery Operators, and Gaugers	43.74
Plant and System Operators, All Other	31.00
Other Production Occupations	23.57
Chemical Processing Machine Setters, Operators, and Tenders	27.89
Chemical Equipment Operators and Tenders	28.75
Separating, Filtering, Clarifying, Precipitating, and Still Machine Setters, Operators, and Tenders	25.88
Crushing, Grinding, Polishing, Mixing, and Blending Workers	23.72
Crushing, Grinding, and Polishing Machine Setters, Operators, and Tenders	23.75
Grinding and Polishing Workers, Hand	20.94
Mixing and Blending Machine Setters, Operators, and Tenders	24.04
Cutting Workers	22.04
Cutters and Trimmers, Hand	20.17
Cutting and Slicing Machine Setters, Operators, and Tenders	22.32
Extruding, Forming, Pressing, and Compacting Machine Setters, Operators, and Tenders	22.62
Extruding, Forming, Pressing, and Compacting Machine Setters, Operators, and Tenders	22.62
Furnace, Kiln, Oven, Drier, and Kettle Operators and Tenders	23.68
Furnace, Kiln, Oven, Drier, and Kettle Operators and Tenders	23.68
Inspectors, Testers, Sorters, Samplers, and Weighers	24.84
Inspectors, Testers, Sorters, Samplers, and Weighers	24.84
Jewelers and Precious Stone and Metal Workers	26.46
Jewelers and Precious Stone and Metal Workers	26.46
Dental and Ophthalmic Laboratory Technicians and Medical Appliance Technicians	24.04
Dental Laboratory Technicians	25.99
Medical Appliance Technicians	24.72
Ophthalmic Laboratory Technicians	20.08
Packaging and Filling Machine Operators and Tenders	20.98
Packaging and Filling Machine Operators and Tenders	20.98
Painting Workers	24.63
Painting, Coating, and Decorating Workers	21.22
Coating, Painting, and Spraying Machine Setters, Operators, and Tenders	24.81
Semiconductor Processing Technicians	28.68
Semiconductor Processing Technicians	28.68
Photographic Process Workers and Processing Machine Operators	22.14
Photographic Process Workers and Processing Machine Operators	22.14
Computer Numerically Controlled Tool Operators and Programmers	26.56
Computer Numerically Controlled Tool Operators	25.43
Computer Numerically Controlled Tool Programmers	33.60
Miscellaneous Production Workers	21.27
Adhesive Bonding Machine Operators and Tenders	21.96
Cleaning, Washing, and Metal Pickling Equipment Operators and Tenders	20.86
Cooling and Freezing Equipment Operators and Tenders	21.29
Etchers and Engravers	20.81
Molders, Shapers, and Casters, Except Metal and Plastic	22.47
Paper Goods Machine Setters, Operators, and Tenders	24.88
Tire Builders	27.03
Helpers--Production Workers	19.27
Production Workers, All Other	20.64
Transportation and Material Moving Occupations	23.44
Supervisors of Transportation and Material Moving Workers	31.58
First-Line Supervisors of Transportation and Material Moving Workers	31.58
Aircraft Cargo Handling Supervisors	31.82
First-Line Supervisors of Transportation and Material Moving Workers, Except Aircraft Cargo Handling Supervisors	31.57
Air Transportation Workers	*
Aircraft Pilots and Flight Engineers	*
Airline Pilots, Copilots, and Flight Engineers	*
Commercial Pilots	*
Air Traffic Controllers and Airfield Operations Specialists	53.13
Air Traffic Controllers	68.62
Airfield Operations Specialists	32.27
Flight Attendants	*
Flight Attendants	*
Motor Vehicle Operators	24.89
Ambulance Drivers and Attendants, Except Emergency Medical Technicians	17.09
Ambulance Drivers and Attendants, Except Emergency Medical Technicians	17.09
Driver/Sales Workers and Truck Drivers	25.56
Driver/Sales Workers	19.07
Heavy and Tractor-Trailer Truck Drivers	28.08
Light Truck Drivers	23.05
Passenger Vehicle Drivers	22.36
Bus Drivers, School	22.44
Bus Drivers, Transit and Intercity	28.07
Shuttle Drivers and Chauffeurs	18.79
Taxi Drivers	18.90
Miscellaneous Motor Vehicle Operators	19.70
Motor Vehicle Operators, All Other	19.70
Rail Transportation Workers	36.10
Locomotive Engineers and Operators	38.27
Locomotive Engineers	39.20
Rail Yard Engineers, Dinkey Operators, and Hostlers	29.23
Railroad Brake, Signal, and Switch Operators and Locomotive Firers	30.37
Railroad Brake, Signal, and Switch Operators and Locomotive Firers	30.37
Railroad Conductors and Yardmasters	36.29
Railroad Conductors and Yardmasters	36.29
Subway and Streetcar Operators	36.36
Subway and Streetcar Operators	36.36
Miscellaneous Rail Transportation Workers	25.72
Rail Transportation Workers, All Other	25.72
Water Transportation Workers	38.54
Sailors and Marine Oilers	26.59
Sailors and Marine Oilers	26.59
Ship and Boat Captains and Operators	45.67
Captains, Mates, and Pilots of Water Vessels	46.95
Motorboat Operators	26.62
Ship Engineers	50.77
Ship Engineers	50.77
Other Transportation Workers	19.54
Bridge and Lock Tenders	27.17
Bridge and Lock Tenders	27.17
Parking Attendants	16.44
Parking Attendants	16.44
Transportation Service Attendants	18.03
Automotive and Watercraft Service Attendants	17.21
Aircraft Service Attendants	20.98
Traffic Technicians	29.48
Traffic Technicians	29.48
Transportation Inspectors	41.58
Transportation Inspectors	41.58
Passenger Attendants	18.50
Passenger Attendants	18.50
Miscellaneous Transportation Workers	21.65
Transportation Workers, All Other	21.65
Material Moving Workers	19.76
Conveyor Operators and Tenders	21.54
Conveyor Operators and Tenders	21.54
Crane and Tower Operators	34.40
Crane and Tower Operators	34.40
Dredge Operators	26.84
Dredge Operators	26.84
Hoist and Winch Operators	30.81
Hoist and Winch Operators	30.81
Industrial Truck and Tractor Operators	23.00
Industrial Truck and Tractor Operators	23.00
Laborers and Material Movers	19.08
Cleaners of Vehicles and Equipment	17.45
Laborers and Freight, Stock, and Material Movers, Hand	19.91
Machine Feeders and Offbearers	20.60
Packers and Packagers, Hand	17.59
Stockers and Order Fillers	18.71
Pumping Station Operators	32.40
Gas Compressor and Gas Pumping Station Operators	34.50
Pump Operators, Except Wellhead Pumpers	29.78
Wellhead Pumpers	33.69
Refuse and Recyclable Material Collectors	24.62
Refuse and Recyclable Material Collectors	24.62
Tank Car, Truck, and Ship Loaders	28.85
Tank Car, Truck, and Ship Loaders	28.85
Miscellaneous Material Moving Workers	22.43
Material Moving Workers, All Other	22.43
	